"Null service is not running, script may crash...",空服務未運行，腳本可能崩潰...
Check this webpage for help -,檢查此網頁尋求協助 -
Error - Script either has LF line ending issue or an empty line at the end of the script is missing.,錯誤 - 腳本存在 LF 行結束問題或腳本結尾缺少空白行。
Failed to detect __PH_0__ build number.,無法偵測 __PH_0__ 內部版本號。
__PH_0__ Sandbox detected; activation is not supported.,__PH_0__ 偵測到沙箱;不支援啟動。
The script cannot run due to missing licensing components. Aborting...,由於缺少許可組件，該腳本無法運行。正在中止...
Unsupported OS version detected [__PH_0__].,偵測到不受支援的作業系統版本 [__PH_0__]。
__PH_1__ only supports __PH_0__ Vista/7/8/8.1/10/11 and their Server equivalents.,__PH_1__ 僅支援 __PH_0__ Vista/7/8/8.1/10/11 及其伺服器等效版本。
__PH_0__ Vista RTM is not supported because Powershell cannot be installed.,__PH_0__ 不支援 Vista RTM，因為無法安裝 Powershell。
Upgrade to __PH_0__ Vista SP1 or SP2.,升級到 __PH_0__ Vista SP1 或 SP2。
PowerShell is not installed in your system.,您的系統中未安裝 PowerShell。
Install PowerShell 2.0 using the following URL.,使用下列 URL 安裝 PowerShell 2.0。
https://www.catalog.update.__PH_0__.com/Search.aspx?q=KB968930,https://www.catalog.update.__PH_0__.com/Search.aspx?q=KB968930
The script was launched from the temp folder.,該腳本是從臨時資料夾啟動的。
You are most likely running the script directly from the archive file.,您很可能直接從存檔檔案執行腳本。
Extract the archive file and launch the script from the extracted folder.,提取存檔檔案並從提取的資料夾中啟動腳本。
This script needs admin rights.,該腳本需要管理員權限。
Right click on this script and select 'Run as administrator'.,"右鍵單擊該腳本並選擇""以管理員身份運行""。"
Test 1 - __PH_0__,測試 1 - __PH_0__
Test 2 - __PH_0__,測試 2 - __PH_0__
FullLanguage mode not found in PowerShell. Aborting...,PowerShell 中找不到 FullLanguage 模式。正在中止...
If you have applied restrictions on Powershell then undo those changes.,如果您對 Powershell 應用了限制，請撤銷這些變更。
__PH_0__ Powershell is needed for __PH_1__ but it seems to be replaced with Powershell core. Aborting...,__PH_1__ 需要 __PH_0__ Powershell，但它似乎已被 Powershell 核心取代。正在中止...
"""__PH_0__""","""__PH_0__"""
"Mal__PH_0__ware found, PowerShell is not working properly.",發現 Mal__PH_0__ware，PowerShell 無法正常運作。
__PH_0__ Powershell failed to load .NET command. Aborting...,__PH_0__ Powershell 無法載入 .NET 指令。正在中止...
PowerShell is not working properly. Aborting...,PowerShell 無法正常運作。正在中止...
Your antivirus software might be blocking the script.,您的防毒軟體可能會封鎖該腳本。
Installed Antivirus - __PH_0__ Defender for Endpoint,已安裝防毒軟體 - __PH_0__ Defender for Endpoint
Your version of __PH_1__ [__PH_0__] is outdated.,您的 __PH_1__ [__PH_0__] 版本已過時。
[1] Get Latest __PH_0__,[1] 取得最新 __PH_0__
[0] Continue Anyway,[0] 無論如何繼續
"Choose a menu option using your keyboard [1,0] :","使用鍵盤 [1,0] 選擇選單選項:"
"Unable to detect Desktop location, aborting...",無法偵測桌面位置，正在中止...
Tip:,提示:
"To activate __PH_1__ updates after W10 EOL, use __PH_0__ option.",若要在 W10 EOL 之後啟動 __PH_1__ 更新，請使用 __PH_0__ 選項。
Activation Methods:,激活方法:
__PH_0__,__PH_0__
- __PH_0__,- __PH_0__
[1] __PH_0__                - __PH_1__,[1] __PH_0__ - __PH_1__
[2] __PH_0__               - __PH_1__,[2] __PH_0__ - __PH_1__
- __PH_1__ / __PH_2__ / __PH_0__,- __PH_1__ / __PH_2__ / __PH_0__
[3] __PH_0__             - __PH_2__ / __PH_3__ / __PH_1__,[3] __PH_0__ - __PH_2__ / __PH_3__ / __PH_1__
[4] __PH_3__ __PH_0__          - __PH_1__ / __PH_2__,[4] __PH_3__ __PH_0__ - __PH_1__ / __PH_2__
[5] Check Activation Status,[5]檢查啟動狀態
[6] Change __PH_0__ Edition,[6] 更改 __PH_0__ 版本
[7] Change __PH_0__ Edition,[7] 更改 __PH_0__ 版本
[8] Troubleshoot,[8] 故障排除
[E] Extras,[E] 附加內容
[H] Help,[H] 幫助
[0] Exit,[0] 退出
"Choose a menu option using your keyboard [1,2,3...E,H,0] :","使用鍵盤選擇選單選項 [1,2,3...E,H,0] :"
__PH_0__[__PH_1____PH_2____PH_3__[__PH_4____PH_5____PH_6__[__PH_7____PH_8____PH_9__[0m,__PH_0__[__PH_1____PH_2____PH_3__[__PH_4____PH_5____PH_6__[__PH_7____PH_8____PH_9__[0m
[1] Extract $OEM$ Folder,[1] 解壓縮$OEM$資料夾
[2] Download Genuine __PH_0__ / __PH_1__,[2] 下載正版__PH_0__ / __PH_1__
[0] Go to Main Menu,[0] 進入主選單
"Choose a menu option using your keyboard [1,2,0] :","使用鍵盤 [1,2,0] 選擇選單選項:"
$OEM$ folder already exists on the Desktop.,桌面上已存在 $OEM$ 資料夾。
Press [0] key to __PH_0__...,按 [0] 鍵至 __PH_0__...
Extract $OEM$ folder on the desktop,解壓縮桌面上的$OEM$資料夾
[1] __PH_0__       [__PH_1__],[1] __PH_0__ [__PH_1__]
[2] __PH_0__      [__PH_1__],[2] __PH_0__ [__PH_1__]
[3] __PH_0__    [__PH_2__ / __PH_1__ / __PH_3__],[3] __PH_0__ [__PH_2__ / __PH_1__ / __PH_3__]
[4] __PH_3__ __PH_0__ [__PH_1__ / __PH_2__],[4] __PH_3__ __PH_0__ [__PH_1__ / __PH_2__]
[5] __PH_1__       [__PH_2__] ^+ __PH_0__ [__PH_3__],[5] __PH_1__ [__PH_2__] ^+ __PH_0__ [__PH_3__]
[6] __PH_2__       [__PH_4__] ^+ __PH_1__ [__PH_5__] ^+ __PH_0__ [__PH_3__],[6] __PH_2__ [__PH_4__] ^+ __PH_1__ [__PH_5__] ^+ __PH_0__ [__PH_3__]
[7] __PH_0__    [__PH_3__ / __PH_2__] ^+ __PH_1__ [__PH_4__],[7] __PH_0__ [__PH_3__ / __PH_2__] ^+ __PH_1__ [__PH_4__]
[R],[R]
ReadMe,自述文件
[0] Go Back,[0] 返回
Choose a menu option using your keyboard :,使用鍵盤選擇選單選項:
The script failed to create the $OEM$ folder.,該腳本無法建立 $OEM$ 資料夾。
$OEM$ folder was successfully created on your Desktop.,$OEM$ 資料夾已在您的桌面上成功建立。
__PH_0__ Activation is only supported on __PH_1__ 10/11.,僅 __PH_1__ 10/11 支援 __PH_0__ 啟動。
Use __PH_0__ activation option from the main menu.,使用主選單中的 __PH_0__ 啟動選項。
__PH_0__ Activation is not supported on __PH_1__ Server.,__PH_1__ 伺服器不支援 __PH_0__ 啟動。
Initializing...,正在初始化...
"[__PH_0__\%%#] file is missing, aborting...",[__PH_0__\%%#] 檔案遺失，正在中止...
"Go back to Main Menu, select Troubleshoot and run DISM Restore and SFC Scan options.",返回主選單，選擇故障排除並執行 DISM 復原和 SFC 掃描選項。
"After that, restart system and try activation again.",之後，重新啟動系統並再次嘗試啟動。
"If it still shows the same error, do this -",如果仍然顯示相同的錯誤，請執行以下操作 -
__PH_0__ is already permanently activated.,__PH_0__ 已永久啟動。
Evaluation editions cannot be activated outside of their evaluation period.,評估版無法在評估期之外啟動。
Use __PH_0__ activation option from the main menu to reset evaluation period.,使用主選單中的 __PH_0__ 啟動選項重設評估期。
Checking Internet Connection            [Connected__PH_0__],檢查網路連線 [已連線__PH_0__]
Checking Internet Connection            [Not Connected],檢查網路連線[未連線]
Internet is required for __PH_0__ activation.,__PH_0__ 啟動需要網路。
Initiating Diagnostic Tests...,啟動診斷測試...
Checking Alternate Edition For __PH_1__     [__PH_0__ Activation ID Not Found],檢查 __PH_1__ 的備用版本 [找不到 __PH_0__ 啟動 ID]
This product does not support __PH_0__ activation.,本產品不支援 __PH_0__ 活化。
Make sure you are using the latest version of the script.,確保您使用的是最新版本的腳本。
"If you are, then try __PH_0__ activation option from the main menu.",如果是，請嘗試主選單中的 __PH_0__ 啟動選項。
Required license files not found in __PH_0__\spp\tokens\skus\,在 __PH_0__\spp\tokens\skus\ 中找不到所需的許可證文件
[__PH_0__] edition product key will be used to enable __PH_1__ activation.,[__PH_0__] 版產品金鑰將用於啟用 __PH_1__ 啟動。
__PH_2__ Subscription [SKU ID-__PH_0__] detected. Script will activate base edition [SKU ID-__PH_1__].,__PH_2__ 偵測到訂閱 [SKU ID-__PH_0__]。腳本將啟動基礎版本 [SKU ID-__PH_1__]。
Changing __PH_0__ Region To USA          [Successful] [Script will change it back],將 __PH_0__ 地區更改為美國 [成功] [腳本會將其改回]
Changing __PH_0__ Region To USA          [Failed],將 __PH_0__ 地區改為美國 [失敗]
"Generating GenuineTicket.xml            [Failed, aborting...]",正在產生 GenuineTicket.xml [失敗，正在中止...]
[__PH_0__],[__PH_0__]
Generating GenuineTicket.xml            [Successful],產生 GenuineTicket.xml [成功]
"Installing GenuineTicket.xml            [Failed with ClipSVC service restart, wait...]",正在安裝 GenuineTicket.xml [ClipSVC 服務重新啟動失敗，請等待...]
Checking ClipSVC tokens.dat             [Not Found],檢查 ClipSVC tokens.dat [未找到]
Installing GenuineTicket.xml            [Failed With clipup -v -o],安裝 GenuineTicket.xml [因 Clipup -v -o 失敗]
Checking Ticket Migration               [Failed],檢查票證遷移[失敗]
Activating...,啟用設定...
__PH_0__ is permanently activated with a digital license.,__PH_0__ 透過數位許可證永久啟動。
Generating New IdentityCRL Registry     [Failed] [__PH_0__],產生新的 IdentityCRL 註冊表 [失敗] [__PH_0__]
Checking Licensing Servers              [Failed to Connect]__PH_0__,檢查許可伺服器[連線失敗]__PH_0__
Checking Update Blocker In Registry     [Found],檢查註冊表中的更新阻止程式[發現]
"__PH_0__ activation needs working __PH_1__ updates, if you have used any tool to block updates, undo it.",__PH_0__ 啟動需要有效的 __PH_1__ 更新，如果您使用任何工具阻止更新，請撤銷它。
Checking Store Blocker In Registry      [Found],檢查註冊表中的儲存攔截器[發現]
"If you have used any tool to block Store, undo it.",如果您使用任何工具來阻止商店，請撤銷它。
Checking __PH_0__ Update Registry        [Corruption Found],檢查 __PH_0__ 更新登錄機碼 [發現損壞]
__PH_1__ seems to be infected with Mal__PH_0__ware.,__PH_1__ 似乎感染了 Mal__PH_0__ 軟體。
Starting __PH_1__ Update Service         [Failed] [__PH_0__],啟動 __PH_1__ 更新服務 [失敗] [__PH_0__]
Checking Internet Issues                [Found] __PH_0__,檢查互聯網問題[發現] __PH_0__
Activation Failed __PH_0__,啟動失敗 __PH_0__
"At the time of writing, __PH_0__ Activation is not supported for this product.",在撰寫本文時，該產品不支援 __PH_0__ 活化。
Use __PH_0__ activation option from the main menu instead.,請使用主選單中的 __PH_0__ 啟動選項。
Restoring __PH_0__ Region                [Successful],正在恢復 __PH_0__ 區域 [成功]
Restoring __PH_2__ Region                [Failed] [__PH_0__ - __PH_1__],正在恢復 __PH_2__ 區域 [失敗] [__PH_0__ - __PH_1__]
__PH_0__ __PH_1__ [Successful],__PH_0__ __PH_1__ [成功]
__PH_0__ __PH_1__ [Failed] __PH_2__,__PH_0__ __PH_1__ [失敗] __PH_2__
"Too many licenses are installed, the script may crash.",安裝太多許可證，腳本可能會崩潰。
Reboot your machine using the restart option and try again.,使用重新啟動選項重新啟動計算機，然後重試。
"If it still does not work, go back to Main Menu, select Troubleshoot and run Fix WPA Registry option.",如果仍然不起作用，請返回主選單，選擇「故障排除」並執行「修復 WPA 註冊表」選項。
"Checking Sandboxing                     [Found, script may not work properly]",檢查沙箱[發現，腳本可能無法正常工作]
"If you are using any third-party antivirus, check if it is blocking the script.",如果您使用任何第三方防毒軟體，請檢查它是否阻止了腳本。
Checking WinPE                          [Found],檢查 WinPE [已找到]
WinPE mode found. Reboot the system and run in normal mode.,找到 WinPE 模式。重新啟動系統並以正常模式運作。
Checking Boot Mode                      [__PH_0__],檢查啟動模式 [__PH_0__]
Safe mode found. Reboot the system and run in normal mode.,找到安全模式。重新啟動系統並以正常模式運作。
Checking __PH_1__ Setup State            [__PH_0__],檢查 __PH_1__ 設定狀態 [__PH_0__]
You need to run it in normal mode in case you are running it in Audit Mode.,如果您在審核模式下運行它，則需要在正常模式下運行它。
"If the activation fails, do this -",如果啟動失敗，請執行以下操作 -
Checking Corrupt Services               [__PH_0__],檢查損壞的服務 [__PH_0__]
Enabling Disabled Services              [Failed] [__PH_0__],啟用停用服務 [失敗] [__PH_0__]
A registry fix has been applied to enable the disabled service.,已應用註冊表修復來啟用已停用的服務。
Reboot your machine using the restart option to fix this error.,使用重新啟動選項重新啟動電腦以修復此錯誤。
Starting Services                       [Failed] [__PH_0__],啟動服務 [失敗] [__PH_0__]
Reboot your machine using the restart option and run the script again.,使用重新啟動選項重新啟動電腦並再次執行腳本。
"If service error is still not fixed, do this -",如果服務錯誤仍未修復，請執行以下操作 -
Checking WMI                            [Not Working],檢查 WMI [不工作]
"Go back to Main Menu, select Troubleshoot and run Fix WMI option.","返回主選單，選擇""故障排除""並執行""修復 WMI""選項。"
Checking SPP Registry Key               [Incorrect ModuleId Found] [Most likely caused by gaming spoofers],檢查 SPP 註冊表項 [發現不正確的 ModuleId] [很可能是由遊戲欺騙引起的]
Checking TokenStore Registry Key        [Correct Path Not Found] [__PH_0__],檢查 TokenStore 登錄項目 [未找到正確路徑] [__PH_0__]
"Checking SPP Token Folder               [Not Found, Created Now] [__PH_0__\]",檢查 SPP 令牌資料夾 [未找到，已建立] [__PH_0__\]
"Checking SPP Token Folder               [Not Found, Failed to Create] [__PH_0__\]",檢查 SPP 令牌資料夾 [未找到，建立失敗] [__PH_0__\]
Checking SPP Permissions                [__PH_0__],檢查 SPP 權限 [__PH_0__]
Checking WPA Registry Errors            [__PH_0__],檢查 WPA 註冊表錯誤 [__PH_0__]
"Go back to Main Menu, select Troubleshoot and run Fix WPA Registry option.",返回主選單，選擇「疑難排解」並執行「修復 WPA 註冊表」選項。
Checking WPA Registry Count             [__PH_0__],檢查 WPA 註冊表計數 [__PH_0__]
"A large number of WPA registries have been found, which may cause high CPU usage.",發現大量WPA註冊表，可能導致CPU使用率過高。
Checking Rearm                          [System is Rearmed],檢查重新布防[系統已重新布防]
Checking ClipSVC PersistedSystemState   [Found],檢查 ClipSVC PersistedSystemState [已找到]
Checking SoftwareLicensingService       [Not Working] [__PH_0__],檢查 SoftwareLicensingService [不工作] [__PH_0__]
If activation still fails then run Fix WPA Registry option.,如果啟動仍然失敗，則執行「修復 WPA 註冊表」選項。
Checking Activation IDs                 [Key Not Installed or Act ID Not Found],檢查啟動 ID [未安裝金鑰或未找到操作 ID]
Checking Activation IDs                 [Not found],檢查啟動 ID [未找到]
Checking SPP tokens.dat                 [Not Found] [__PH_0__\],檢查 SPP tokens.dat [找不到] [__PH_0__\]
Checking Eval Packages                  [License swapping found. Non-Eval licenses are installed in Eval __PH_0__],檢查 Eval 包 [發現許可證交換。非 Eval 許可證安裝在 Eval __PH_0__]
License swapping is not the right way to upgrade to the full version. Learn the correct method at the link below.,許可證交換不是升級到完整版本的正確方法。請透過以下連結了解正確的方法。
Checking HKU\S-1-5-20 Registry          [Not Found],檢查 HKU\S-1-5-20 註冊表 [未找到]
Checking Edition Name                   [Not Found In Registry],檢查版本名稱 [在註冊表中找不到]
Checking License Files                  [Not Found] [__PH_0__],檢查許可證文件 [找不到] [__PH_0__]
Checking Package Files                  [Not Found] [__PH_0__],檢查包檔 [找不到] [__PH_0__]
Checking SLC/WMI/REG SKU                [Difference Found - SLC:__PH_0__ WMI:__PH_1__ Reg:__PH_2__],檢查 SL​​C/WMI/REG SKU [發現差異 - SLC:__PH_0__ WMI:__PH_1__ Reg:__PH_2__]
Checking SLC/WMI SKU                    [Difference Found - SLC:__PH_0__ WMI:__PH_1__],檢查 SL​​C/WMI SKU [發現差異 - SLC:__PH_0__ WMI:__PH_1__]
Checking Eval WLMS Service              [Found],檢查 Eval WLMS 服務 [已找到]
Checking SPP Interference In IFEO       [__PH_0__ - System might deactivate later],檢查 IFEO 中的 SPP 幹擾 [__PH_0__ - 系統可能稍後停用]
Checking SPP In IFEO                    [__PH_0__],在 IFEO [__PH_0__] 中檢查 SPP
Checking SkipRearm                      [Default 0 Value Not Found. Changing To 0],檢查 SkipRearm [預設值 0 未找到。更改為0]
Checking SvcRestartTask Status          [__PH_0__. System might deactivate later.],檢查 SvcRestartTask 狀態 [__PH_0__。系統可能稍後停用。 ]
__PH_0__[__PH_1____PH_2____PH_3__[0m,__PH_0__[__PH_1____PH_2____PH_3__[0米
__PH_0__[__PH_1____PH_2____PH_3__[__PH_4____PH_5____PH_6__[0m,__PH_0__[__PH_1____PH_2____PH_3__[__PH_4____PH_5____PH_6__[0米
Follow ALL the ABOVE blue lines.,遵循上述所有藍線。
Press [1] to Open Support Webpage,按 [1] 開啟支援網頁
Press [0] to Ignore,按 [0] 忽略
Press any key to __PH_0__...,按任意鍵 __PH_0__...
[1] Install __PH_0__ __PH_1__ Activation,[1] 安裝 __PH_0__ __PH_1__ 激活
[2] Uninstall __PH_0__,[2]卸載__PH_0__
[3] Download __PH_0__,[3] 下載__PH_0__
[0] __PH_0__,[0] __PH_0__
"Choose a menu option using your keyboard [1,2,3,0]","使用鍵盤選擇選單選項 [1,2,3,0]"
"[__PH_0__\__PH_1__] file is missing, aborting...",[__PH_0__\__PH_1__] 檔案遺失，正在中止...
Checking Unsupported __PH_2__ Install     [ __PH_0____PH_1__],檢查不受支援的 __PH_2__ 安裝 [ __PH_0____PH_1__]
"Checking ClickToRun Service             [Not found, __PH_0__ 16.0 files found]",檢查 ClickToRun 服務 [找不到，找到 __PH_0__ 16.0 檔案]
"Checking ClickToRun Service             [Not found, __PH_0__ 15.0 files found]",檢查 ClickToRun 服務 [找不到，找到 __PH_0__ 15.0 檔案]
Checking Supported __PH_0__ Install       [Not Found],檢查支援的 __PH_0__ 安裝 [找不到]
Checking Installed __PH_0__               [Not Found],檢查已安裝的 __PH_0__ [未找到]
You only have the __PH_0__ Dashboard app installed; you need to install the full version of __PH_1__.,您只安裝了 __PH_0__ 儀表板應用程式;您需要安裝完整版本的 __PH_1__。
"Download and install __PH_0__ from the URL below, then try again.",從下面的 URL 下載並安裝 __PH_0__，然後再試一次。
"Checking Multiple __PH_0__ Install        [Found, its recommended to install only one version]",檢查多個__PH_0__安裝【發現，建議只安裝一個版本】
Checking Smart App Control State        [Enabled],檢查智慧型應用控制狀態[啟用]
Smart App Control may prevent you from opening __PH_1__ after __PH_0__ activation.,智慧型應用程式控制可能會阻止您在 __PH_0__ 啟動後開啟 __PH_1__。
You will need to disable it from the __PH_0__ Defender settings if it does.,如果有，您需要從 __PH_0__ Defender 設定中停用它。
Checking Smart App Control State        [Evaluation],檢查智慧型應用程式控制狀態[評估]
Smart App Control may prevent you from opening __PH_0__ in the future if it enables itself after the evaluation period.,如果智慧型應用程式控制在評估期間後自行啟用，它可能會阻止您將來開啟 __PH_0__。
It is recommended that you disable it from the __PH_0__ Defender settings.,建議您從 __PH_0__ Defender 設定中停用它。
Checking Installed Products             [Product IDs not found. Aborting activation...],檢查已安裝的產品 [未找到產品 ID。正在中止啟動...]
Checking OSPPC.DLL                      [Not found. Aborting activation...],檢查 OSPPC.DLL [未找到。正在中止啟動...]
"Checking Old __PH_0__ With Sub License    [Found. Update __PH_1__, otherwise, it may show a licensing issue-related banner.]",使用子許可證檢查舊 __PH_0__ [已找到。更新__PH_1__，否則可能會顯示與授權問題相關的橫幅。 ]
Adding a Registry to Prevent Banner     [Successful],新增註冊表以防止橫幅[成功]
__PH_0__ is permanently activated.,__PH_0__ 已永久啟動。
Help:,幫助:
Some errors were detected.,檢測到一些錯誤。
Uninstalling __PH_0__ activation...,正在卸載 __PH_0__ 啟動...
Deleting - Registry keys for skipping license check,刪除 - 用於跳過許可證檢查的註冊表項
Deleting - Registry keys for preventing non-genuine banner,刪除 - 登錄項目以防止非正版橫幅
__PH_0__ activation is not installed.,未安裝 __PH_0__ 啟動。
Failed to uninstall __PH_0__ activation.,無法卸載 __PH_0__ 啟動。
Close [__PH_0__] and try again.,關閉 [__PH_0__]，然後重試。
"If it is still not fixed, reboot your machine using the restart option and try again.",如果仍未修復，請使用重新啟動選項重新啟動計算機，然後重試。
Successfully uninstalled __PH_0__ activation.,已成功卸載 __PH_0__ 啟動。
Checking Expired Preview Products       [__PH_0__ %%# Preview Found],檢查過期的預覽產品 [__PH_0__ %%# 找到預覽]
"Please run the __PH_0__ updates first, and then attempt to activate it again.",請先執行 __PH_0__ 更新，然後嘗試再次啟動它。
Checking ProductReleaseIds In Registry  [Not Found],檢查註冊表中的 ProductReleaseIds [未找到]
Installing Missing License Files        [__PH_2__ __PH_0__.0 __PH_1__] [Failed],安裝缺少的許可證文件 [__PH_2__ __PH_0__.0 __PH_1__] [失敗]
"Symlinking System's sppc.dll            [""__PH_0__\sppcs.dll""] [Successful]","符號連結系統的 sppc.dll [""__PH_0__\sppcs.dll""] [成功]"
"Copying Custom __PH_0__ to            [""__PH_1__\sppc.dll""] [Successful]","正在將自訂 __PH_0__ 複製到 [""__PH_1__\sppc.dll""] [成功]"
"Extracting Custom __PH_0__ to         [""__PH_1__\sppc.dll""] [Successful]","將自訂 __PH_0__ 提取到 [""__PH_1__\sppc.dll""] [成功]"
"Symlinking Renamed sppcs.dll            [""__PH_0__\sppcs.dll""]","符號連結重新命名 sppcs.dll [""__PH_0__\sppcs.dll""]"
Installing __PH_1__                        [Failed to __PH_0__],安裝 __PH_1__ [未能 __PH_0__]
Modifying Hash of Custom sppcs.dll      [Failed],修改自訂 sppcs.dll 的雜湊值 [失敗]
Modifying Hash of Custom sppcs.dll      [Successful],修改自訂 sppcs.dll 的雜湊值[成功]
Checking Product In Script              [__PH_2__ __PH_0__.0 __PH_1__ key not found in script],檢查腳本中的產品 [__PH_2__ __PH_0__.0 __PH_1__ 在腳本中找不到密鑰]
Make sure you are using the latest version of __PH_0__.,確保您使用的是最新版本的 __PH_0__。
"Adding SharedComputerLicensing Reg      [Successful] [Needed on Server With __PH_1__ __PH_0__]""","新增 SharedComputerLicensing Reg [成功] [需要在具有 __PH_1__ __PH_0__ 的伺服器上]"""
"Checking Installed Products             [Product IDs not found, aborting activation...]",檢查已安裝的產品 [未找到產品 ID，正在中止啟用...]
"Checking Installed Products             [SingleImage product found, Professional __PH_0__ key will be used for activation]",檢查已安裝的產品 [找到 SingleImage 產品，Professional __PH_0__ 金鑰將用於啟動]
Checking User Accounts SID              [Not Found],檢查使用者帳戶 SID [未找到]
Checking Total User Accounts            [__PH_0__],檢查使用者帳戶總數 [__PH_0__]
The logged-in __PH_0__ account has a subscription license.,登入的 __PH_0__ 帳戶具有訂閱許可證。
"If the subscription is active, it overrides other activation methods.",如果訂閱處於活動狀態，它將覆蓋其他啟動方法。
"If it is expiring soon, rerun the activation script after it expires.",如果即將到期，請在到期後重新執行啟動腳本。
"If it has already expired and activation fails, get help here -",如果它已經過期並且啟動失敗，請在此處獲取幫助 -
Clearing __PH_1__ License Blocks          [Successfully cleared from all __PH_0__ user accounts],清除 __PH_1__ 許可證區塊 [已成功從所有 __PH_0__ 使用者帳戶清除]
Uninstalling Other/Grace Keys           [Failed],卸載其他/Grace Keys [失敗]
.NET 3.5 Framework is not installed in your system.,您的系統中未安裝.NET 3.5 Framework。
Install it using the following URL.,使用以下 URL 安裝它。
https://www.__PH_0__.com/en-us/download/details.aspx?id=25150,https://www.__PH_0__.com/en-us/download/details.aspx?id=25150
[1] Activate - __PH_0__,[1] 啟動 - __PH_0__
[2] Activate - __PH_0__,[2] 啟動 - __PH_0__
[3] Activate - __PH_0__ [All],[3] 啟動 - __PH_0__ [全部]
[4] Activate - __PH_0__ [Project/Visio],[4] 啟動 - __PH_0__ [項目/Visio]
[5] Activate - All,[5] 啟動 - 全部
Advanced Options:,進階選項:
[A] Activate - __PH_1__ __PH_0__ Host,[A] 啟動 - __PH_1__ __PH_0__ 主機
[B] Activate - __PH_1__ __PH_0__ Host,[B] 啟動 - __PH_1__ __PH_0__ 主機
[C] Activate - __PH_0__ 8/8.1 APPX Sideloading,[C] 啟動 - __PH_0__ 8/8.1 APPX 側載
[D] Activate - Manually Select Products,[D] 啟動 - 手動選擇產品
[E] Reset    - Rearm/Timers,[E] 重置 - 重新裝備/計時器
[E] Reset    - Rearm/Timers/Tamper/Lock,[E] 重設 - 重新裝備/計時器/篡改/鎖定
[F] Change   - Activation Method [__PH_0__],[F] 更改 - 啟動方法 [__PH_0__]
[6] Remove __PH_0__ Activation,[6] 刪除 __PH_0__ 激活
[7] Download __PH_0__,[7] 下載__PH_0__
Choose a menu option using your keyboard...,使用鍵盤選擇選單選項...
Auto,汽車
[2] StaticCID,[2] 靜態CID
Needs Internet,需要網路
Not for __PH_0__ 7 or older,不適用於 __PH_0__ 7 歲或以上
[3] ZeroCID,[3] 零碼識別
Works reliably on builds below 26100,在低於 26100 的版本上可靠工作
Does not work on builds above 26100.4188,不適用於 26100.4188 以上的版本
[4] KMS4k,[4] KMS4k
__PH_0__ licenses only,僅 __PH_0__ 許可證
Activates for 4000+ years,激活4000多年
[5] Learn More,[5] 了解更多
.NET 3.5 Framework is corrupt or missing. Aborting...,.NET 3.5 Framework 已損壞或遺失。正在中止...
Install .NET Framework 4.8 and __PH_0__ Management Framework 5.1,安裝 .NET Framework 4.8 和 __PH_0__ Management Framework 5.1
"Evaluation WLMS service is running, __PH_0__ service can not be stopped. Aborting...",評估 WLMS 服務正在運行，__PH_0__ 服務無法停止。正在中止...
Install Non-Eval version for __PH_1__ build __PH_0__.,安裝 __PH_1__ 版本 __PH_0__ 的非評估版本。
StaticCID method is supported only on __PH_0__ 8 and later.,StaticCID 方法僅在 __PH_0__ 8 及更高版本上支援。
Switching To KMS4k activation because Internet is needed for StaticCID method.,切換到 KMS4k 激活，因為 StaticCID 方法需要互聯網。
Internet is required for __PH_0__ StaticCID option.,__PH_0__ StaticCID 選項需要網際網路。
"Checking __PH_0__ Edition ID             [Not found in installed licenses, aborting...]",正在檢查 __PH_0__ 版本 ID [在已安裝的許可證中找不到，正在中止...]
Clearing __PH_0__ Cache                      [Successful],清除 __PH_0__ 快取[成功]
Processing __PH_0__...,正在處理 __PH_0__...
Checking OS Activation                  [__PH_0__ is already permanently activated],檢查作業系統啟動 [__PH_0__ 已永久啟動]
Checking Activation ID                  [__PH_0__] [__PH_1__],檢查啟動 ID [__PH_0__] [__PH_1__]
Checking Activation ID                  [Not Found] [__PH_0__] [__PH_1__],檢查啟動 ID [未找到] [__PH_0__] [__PH_1__]
Connect to the Internet and try again. Script will use the StaticCID activation method.,連接網路並重試。腳本將使用StaticCID啟動方法。
Use non-KMS4K activation options from the previous menu.,使用上一選單中的非 KMS4K 啟動選項。
__PH_2__ Subscription [SKU ID-__PH_0__] found. Script will activate base edition [SKU ID-__PH_1__].,找到 __PH_2__ 訂閱 [SKU ID-__PH_0__]。腳本將啟動基礎版本 [SKU ID-__PH_1__]。
Checking Activation ID                  [__PH_0__ SKU-__PH_1__ __PH_2__ key is not available],檢查啟動 ID [__PH_0__ SKU-__PH_1__ __PH_2__ 密鑰不可用]
Use ZeroCID activation method from the previous menu.,使用上一選單中的 ZeroCID 啟動方法。
Checking Activation ID                  [__PH_0__ SKU-__PH_1__ not found in the system],檢查啟動 ID [系統中找不到__PH_0__ SKU-__PH_1__]
Checking OS Edition                     [__PH_0__] [Evaluation edition found],檢查作業系統版本 [__PH_0__] [找到評估版]
Evaluation editions cannot be activated outside of evaluation period.,評估版無法在評估期之外啟動。
"Script will reset evaluation period, but to permanently activate __PH_0__,",腳本將重置評估期，但要永久啟動 __PH_0__，
Go back to main menu and use [Change Edition] option and change to Non-eval edition.,返回主選單並使用[更改版本]選項並更改為非評估版本。
"Script will reset evaluation period, but to permanently activate __PH_0__, install Non-eval edition.",腳本將重置評估期，但要永久啟動 __PH_0__，請安裝非評估版本。
Internet is required for __PH_0__ Evaluation activation.,__PH_0__ 評估啟動需要網路。
Checking Activation ID                  [__PH_0__ not found in the script],檢查啟動 ID [腳本中找不到 __PH_0__]
Make sure you are using the updated version of the script.,確保您使用的是腳本的更新版本。
Resetting Rearm / GracePeriod           [Failed],重置重新裝備/寬限期[失敗]
Resetting Rearm / GracePeriod           [Successful],重置重新裝備/寬限期[成功]
Skipping __PH_2__ __PH_0__                    [KMS4k method is not supported with __PH_3__ __PH_1__],跳過 __PH_2__ __PH_0__ [__PH_3__ __PH_1__ 不支援 KMS4k 方法]
Processing __PH_1__ __PH_0__...,正在處理 __PH_1__ __PH_0__...
"To get Client-__PH_0__-Year6[4-6y] license, install updates from the below URL.",若要取得 Client-__PH_0__-Year6[4-6y] 許可證，請從下列 URL 安裝更新。
"Checking Activation ID                  [__PH_0__ __PH_2__ already has longer support, __PH_1__ is not applicable]",檢查啟動 ID [__PH_0__ __PH_2__ 已經有更長的支持，__PH_1__ 不適用]
Checking Activation ID                  [Currently installed __PH_1__ License is not supported for __PH_0__],檢查啟動 ID [目前安裝的 __PH_1__ 許可證不支援 __PH_0__]
"To get latest version, go to __PH_0__ settings and run __PH_1__ Update. After that, try the script again.",若要取得最新版本，請前往 __PH_0__ 設定並執行 __PH_1__ 更新。之後，再次嘗試該腳本。
"Go back to Main Menu, select Change __PH_0__ Edition option and change to any of the below listed editions.",返回主選單，選擇變更 __PH_0__ 版本選項並將其變更為下方列出的任何版本。
"Checking Activation ID                  [__PH_0__ license is not found, make sure __PH_1__ is fully updated]",檢查啟動 ID [未找到 __PH_0__ 許可證，請確保 __PH_1__ 已完全更新]
Checking Activation ID                  [__PH_1__ is not available for __PH_0__],檢查啟動 ID [__PH_1__ 不適用於 __PH_0__]
Checking Supported __PH_2__               [__PH_0__ for __PH_3__ is supported on __PH_1__ 8 and later versions],檢查支援的 __PH_2__ [__PH_1__ 8 及更高版本支援 __PH_3__ 的 __PH_0__]
"On __PH_1__ Vista / 7, use __PH_0__ activation option for __PH_2__ instead.",在 __PH_1__ Vista / 7 上，請使用 __PH_0__ 啟動選項取代 __PH_2__。
Checking __PH_0__                          [__PH_1__ activation is already installed for __PH_2__],正在檢查 __PH_0__ [已為 __PH_2__ 安裝 __PH_1__ 啟動]
Checking Multiple __PH_0__ Install        [Found. Recommended to install one version only],檢查多個 __PH_0__ 安裝 [已找到。建議只安裝一個版本】
Processing __PH_1__ __PH_0__ Host...,正在處理 __PH_1__ __PH_0__ 主機...
Skipping __PH_2__ __PH_0__ Host               [KMS4k method is not supported with __PH_3__ __PH_1__ Host],跳過 __PH_2__ __PH_0__ 主機 [__PH_3__ __PH_1__ 主機不支援 KMS4k 方法]
"With __PH_0__ Host license, system may randomly change __PH_1__ Edition later. It is a __PH_2__ issue and can be safely ignored.",使用 __PH_0__ 主機許可證，系統以後可能會隨機變更 __PH_1__ 版本。這是一個 __PH_2__ 問題，可以安全地忽略。
__PH_0__ Host [Not to be confused with __PH_1__ Client] license causes the __PH_2__ service to run continuously.,__PH_0__ 主機[不要與 __PH_1__ 用戶端混淆]許可證導致 __PH_2__ 服務持續運作。
"Only use this activation when necessary, you can revert to normal activation from the previous menu.",僅在必要時使用此激活，您可以從上一個選單恢復到正常激活。
__PH_0__ Host license is not found on your system. It is available for the below editions.,您的系統上找不到 __PH_0__ 主機許可證。它適用於以下版本。
"Professional, Education, ProfessionalWorkstation, Enterprise, EnterpriseS, and Server editions, etc.",專業版、教育版、專業工作站版、企業版、EnterpriseS版、伺服器版等
"Business, BusinessN, Enterprise, EnterpriseN, and Server editions, etc.",Business、BusinessN、Enterprise、EnterpriseN、Server 版本等
__PH_1__ Vista and Server 2008 do not support the installation of __PH_2__ __PH_0__ Host.,__PH_1__ Vista 和 Server 2008 不支援安裝 __PH_2__ __PH_0__ 主機。
Skipping __PH_2__ __PH_0__ Host                [KMS4k method is not supported with __PH_3__ __PH_1__ Host],跳過 __PH_2__ __PH_0__ 主機 [__PH_3__ __PH_1__ 主機不支援 KMS4k 方法]
Checking Activation ID                  [Not found for __PH_1__ __PH_0__ Host],檢查啟動 ID [找不到 __PH_1__ __PH_0__ 主機]
__PH_0__ Host [Not to be confused with __PH_1__ Client] license causes the sppsvc service to run continuously.,__PH_0__ 主機 [不要與 __PH_1__ 用戶端混淆] 授權導致 sppsvc 服務持續運作。
Only use this activation when necessary.,僅在必要時使用此啟動。
Processing __PH_0__ 8/8.1 APPX Sideloading...,處理 __PH_0__ 8/8.1 APPX 側載...
Checking Activation ID                  [APPX Sideloading feature is available only on __PH_0__ 8/8.1],檢查啟動 ID [APPX 側載功能僅在 __PH_0__ 8/8.1 上可用]
Skipping __PH_0__ 8/8.1 APPX             [KMS4k method is not supported with __PH_1__ 8/8.1 APPX],跳過 __PH_0__ 8/8.1 APPX [__PH_1__ 8/8.1 APPX 不支援 KMS4k 方法]
Checking Activation ID                  [Not found],檢查啟動 ID [未找到]
APPX Sideloading feature is available only on Pro and higher level editions.,APPX Sideloading 功能僅適用於 Pro 和更高等級的版本。
Processing Reset of Rearm / Timers...,正在處理重裝/定時器重置...
Processing Reset of Rearm / Timers / Tamper / Lock...,正在處理重新裝備/計時器/篡改/鎖定的重置...
Reset Failed.,重置失敗。
Reset process has been successfully done.,重置過程已成功完成。
Processing Manual Activation...,正在處理手動啟動...
Skipping Manual Activation              [KMS4k method is not supported with it],跳過手動啟動[不支援KMS4k方法]
"This option is for advanced users, those who already know what they are doing.",此選項適用於高級用戶，即那些已經知道自己在做什麼的用戶。
"Some activation IDs may cause system crash [MUI mismatch], or irreversible changes [CloudEdition etc].",某些啟動 ID 可能會導致系統崩潰 [MUI 不符]，或不可逆轉的變更 [CloudEdition 等]。
"Although the script will try to remove those IDs from the list, it is not fully guaranteed.",儘管腳本會嘗試從清單中刪除這些 ID，但這並不能完全保證。
Fetching Supported Activation IDs list. Please wait...,正在取得支援的啟動 ID 清單。請稍等...
"No supported activation ID found, aborting...",Error 500 (Server Error)!!1500.That's an error.There was an error. Please try again later.That's all we know.
"On __PH_0__ Vista and Server 2008, you must manually install the key before activating it.",在 __PH_0__ Vista 和 Server 2008 上，您必須在啟動金鑰之前手動安裝金鑰。
"Enter / Paste the Activation ID shown in first column in the opened text file, or just press Enter to return:",輸入/貼上開啟的文字檔案中第一列中顯示的啟動 ID，或只需按 Enter 鍵返回:
Add space after each Activation ID if you are adding multiple:,如果要新增多個啟動 ID，請在每個啟動 ID 後新增空格:
"[%%#] Incorrect Activation ID entered, aborting...",[%%#] 輸入的啟動 ID 不正確，正在中止...
[__PH_0__] has been reset and activated successfully for __PH_1__ days.,[__PH_0__] 已成功重置並啟動 __PH_1__ 天。
[__PH_0__] Activation Failed __PH_1__. Remaining Period: __PH_2__ days [__PH_3__ minutes].,[__PH_0__] 啟動失敗 __PH_1__。剩餘期限:__PH_2__ 天 [__PH_3__ 分鐘]。
"To activate, check your internet connection and ensure the date and time are correct.",要激活，請檢查您的網路連線並確保日期和時間正確。
This __PH_0__ version is known to not activate due to MS __PH_1__/Server issues.,已知此 __PH_0__ 版本由於 MS __PH_1__/伺服器問題而無法啟動。
Writing TrustedStore data...,寫入 TrustedStore 資料...
"In __PH_0__ settings, you may see a renewal notification for activation that can be ignored.",在 __PH_0__ 設定中，您可能會看到啟動續訂通知，可以忽略該通知。
__PH_1__ Update gets 1-3 years of __PH_0__; 4-6 are unofficial but let you install Server 2008 R2 updates manually.,__PH_1__ 更新取得 1-3 年 __PH_0__; 4-6 是非官方的，但允許您手動安裝 Server 2008 R2 更新。
"__PH_0__ is not officially supported on __PH_1__ 8.1, but updates can be installed manually until January 2024.",__PH_1__ 8.1 不正式支援 __PH_0__，但在 2024 年 1 月之前可以手動安裝更新。
__PH_1__ Update gets 1-3 years of __PH_0__; 4-6 are unofficial but may let you install __PH_2__ updates manually.,__PH_1__ 更新取得 1-3 年 __PH_0__; 4-6 是非官方的，但可以讓您手動安裝 __PH_2__ 更新。
__PH_0__ does not support activation on non-azure platforms.,__PH_0__ 不支援在非 Azure 平台上啟動。
"__PH_0__ apps such as Word, Excel are activated, use them directly. Ignore 'Buy' button in __PH_1__ dashboard app.",__PH_0__ Word、Excel 等應用程式已激活，可直接使用。忽略 __PH_1__ 儀表板應用程式中的「購買」按鈕。
__PH_0__ activation doesn't modify any __PH_1__ components and doesn't install any new files.,__PH_0__ 啟動不會修改任何 __PH_1__ 元件，也不會安裝任何新檔案。
"Instead, it appends data to one of data files used by Software Protection Platform.",相反，它將資料附加到 Software Protection Platform 使用的資料檔案之一。
"If you want to reset the activation status,",如果您想重置啟動狀態，
Checking pkeyconfig-__PH_0__.xrm-ms       [Not found. Aborting activation...],檢查 pkeyconfig-__PH_0__.xrm-ms [找不到。正在中止啟動...]
Checking Product In Script              [%%# MSI __PH_0__ is not supported with KMS4k],檢查腳本中的產品 [KMS4k 不支援%%# MSI __PH_0__]
Skipping Because Project/Visio Mode     [%%#],由於專案/Visio 模式而跳過 [%%#]
Skipping Because Mondo Is Available     [%%#],跳過，因為 Mondo 可用 [%%#]
Converting Unsupported O365 __PH_0__      [%%# To MondoRetail],轉換不受支援的 O365 __PH_0__ [%%# 至 MondoRetail]
Converting Unsupported OEM-ARM __PH_0__   [%%# To MondoRetail],正在將不受支援的 OEM-ARM __PH_0__ [%%# 轉換為 MondoRetail]
Converting __PH_1__ To __PH_2__             [%%# To __PH_0__],將 __PH_1__ 轉換為 __PH_2__ [%%# 轉換為 __PH_0__]
Converting __PH_1__ To __PH_2__             [%%# To __PH_0__] [Using Mondo because %%# is not found in the script],將 __PH_1__ 轉換為 __PH_2__ [%%# 轉換為 __PH_0__] [使用 Mondo，因為在腳本中找不到 %%#]
Checking Activation ID                  [__PH_2__ __PH_0__.0 __PH_1__ not found],檢查啟動 ID [__PH_2__ __PH_0__.0 __PH_1__ 未找到]
"Old renewal task found, run activation to update it.",發現舊的續訂任務，運行啟動來更新它。
[2] Activate - __PH_0__ [All],[2] 啟動 - __PH_0__ [全部]
[3] Activate - __PH_0__ [Project/Visio],[3] 啟動 - __PH_0__ [項目/Visio]
[4] Activate - All,[4] 啟動 - 全部
[5] Renewal Task With Activation       [Yes],[5] 啟動更新任務[是]
[5] Renewal Task With Activation,[5] 啟動更新任務
[No],[不]
[6] Change Edition If Needed           [Yes],[6] 如果需要更改版本 [是]
[6] Change Edition If Needed,[6] 如果需要更改版本
[7] Uninstall __PH_1__ __PH_0__,[7] 卸載 __PH_1__ __PH_0__
[8] Set __PH_0__ Server/Port [__PH_1__] [__PH_2__],[8] 設定 __PH_0__ 伺服器/連接埠 [__PH_1__] [__PH_2__]
[8] Set __PH_0__ Server/Port,[8] 設定 __PH_0__ 伺服器/連接埠
[9] Download __PH_0__,[9] 下載__PH_0__
"Choose a menu option using your keyboard [1,2,3,4,5,6,7,8,9,0]","使用鍵盤選擇選單選項 [1,2,3,4,5,6,7,8,9,0]"
Internet is required for __PH_1__ __PH_0__ Activation.,__PH_1__ __PH_0__ 啟動需要網際網路。
Checking Evaluation Edition             [Evaluation editions cannot be activated outside of evaluation period.],檢查評估版 [評估版無法在評估期之外啟動。 ]
Go back to main menu and use [Change Edition] option.,返回主選單並使用[更改版本]選項。
__PH_1__ must be updated to build 19044.2788 or higher for IotEnterpriseS __PH_0__ activation.,__PH_1__ 必須更新為內部版本 19044.2788 或更高版本才能啟動 IotEnterpriseS __PH_0__。
Checking Alternate Edition For __PH_0__      [__PH_1__ Activation ID Not Found],檢查 __PH_0__ 的備用版本 [找不到 __PH_1__ 啟動 ID]
Required license files not found.,未找到所需的許可證文件。
__PH_0__ activation is supported but failed to find the __PH_1__ key.,支援 __PH_0__ 激活，但找不到 __PH_1__ 密鑰。
Checking Unsupported __PH_1__ Install     [ __PH_0__],檢查不受支援的 __PH_1__ 安裝 [ __PH_0__]
Turn off __PH_0__ AVS Validation             [Successful],關閉 __PH_0__ AVS 驗證 [成功]
Activating __PH_0__ Products...,正在啟動 __PH_0__ 產品...
No installed __PH_2__ __PH_0__ / __PH_1__ products found.,未找到已安裝的 __PH_2__ __PH_0__ / __PH_1__ 產品。
Failed to get installed __PH_2__ __PH_0__ / __PH_1__ products.,無法安裝 __PH_2__ __PH_0__ / __PH_1__ 產品。
Skipping creation of activation renewal task...,正在跳過啟動續訂任務的創建...
Keeping the non-existent IP address 10.0.0.10 as __PH_0__ Server.,保留不存在的 IP 位址 10.0.0.10 作為 __PH_0__ 伺服器。
Cleared __PH_0__ Server from the registry.,從登錄中清除了 __PH_0__ 伺服器。
"Enter / Paste the __PH_0__ Server address, or just press Enter to return:",輸入/貼上 __PH_0__ 伺服器位址，或直接按 Enter 鍵返回:
"Enter / Paste the __PH_0__ Port address, or just press Enter to use default:",輸入/貼上 __PH_0__ 連接埠位址，或只需按 Enter 鍵即可使用預設值:
Skipping Because NoEditionChange Mode   [%%#],正在跳過，因為 NoEditionChange 模式 [%%#]
Converting __PH_2__ To __PH_3__             [__PH_0__ To __PH_1__],將 __PH_2__ 轉換為 __PH_3__ [__PH_0__ 到 __PH_1__]
Checking Product In Script              [__PH_2__ __PH_0__.0 __PH_1__ not found in script],檢查腳本中的產品 [__PH_2__ __PH_0__.0 __PH_1__ 在腳本中找不到]
Make sure you are using Latest __PH_0__ script.,確保您使用的是最新的 __PH_0__ 腳本。
Checking Product In Script              [__PH_0__ MSI __PH_1__ is not supported],檢查腳本中的產品 [不支援__PH_0__ MSI __PH_1__]
"Use __PH_1__ option to activate it. To activate with __PH_0__, you need to install __PH_3__ version of __PH_2__.",使用 __PH_1__ 選項來啟動它。要使用 __PH_0__ 激活，您需要安裝 __PH_2__ 的 __PH_3__ 版本。
Notice-,注意-
"To make sure __PH_0__ programs do not show a non-genuine banner,",為了確保 __PH_0__ 程式不會顯示非正版橫幅，
"please run the activation option once, and don't uninstall afterward.",請運行一次啟動選項，之後不要卸載。
Failed to completely clear __PH_0__ Cache.,無法完全清除 __PH_0__ 快取。
Cleared __PH_0__ Cache successfully.,成功清除 __PH_0__ 快取。
Try Again / Restart the System,重試/重新啟動系統
__PH_1__ __PH_0__ has been successfully uninstalled.,__PH_1__ __PH_0__ 已成功卸載。
Deleting [Task] Activation-Renewal,刪除【任務】啟動-續訂
Deleting [Task] Activation-Run_Once,刪除[任務] Activation-Run_Once
Deleting [Folder] __PH_0__\Activation-Renewal\,正在刪除[資料夾] __PH_0__\啟動-續訂\
====== Error ======,======錯誤======
This file is supposed to be run only by the scheduled task.,該文件應該僅由計劃任務運行。
Press any key to exit,按任意鍵退出
"__PH_0__, __PH_1__",__PH_0__、__PH_1__
Error: Internet is not connected,錯誤:網際網路未連接
Waiting 30 seconds,等待30秒
Error: Not Respoding- __PH_0__,錯誤:未回應 - __PH_0__
Renewing K-M-S activation for all installed __PH_0__ products,為所有已安裝的 __PH_0__ 產品續訂 K-M-S 激活
No installed __PH_2__ __PH_0__ / __PH_1__ product found,未找到已安裝的 __PH_2__ __PH_0__ / __PH_1__ 產品
Renewing K-M-S server,更新 K-M-S 伺服器
Deleting Scheduled Task Activation-Run_Once,刪除定時任務啟動-Run_Once
Exiting,退出
__PH_0__ is already activated with __PH_1__.,__PH_0__ 已透過 __PH_1__ 啟動。
__PH_0__ activation failed due to restricted or no Internet.,由於互聯網受限或無互聯網，__PH_0__ 啟動失敗。
__PH_0__ cannot be __PH_1__-activated on this computer due to unqualified OEM BIOS [0xC004F035].,由於 OEM BIOS [0xC004F035] 不合格，因此無法在此電腦上啟動 __PH_0__ __PH_1__。
__PH_0__ activation failed due to Internet issue [0xC004F074].,由於 Internet 問題 [0xC004F074]，__PH_0__ 啟動失敗。
Make sure that system files are not blocked by firewall.,確保系統檔案沒有被防火牆封鎖。
"If the issue persists, try another Internet connection or VPN such as https://1.1.1.1",如果問題仍然存在，請嘗試其他 Internet 連線或 VPN，例如 https://1.1.1.1
"__PH_0__ activation succeeded, but Remaining Period failed to increase.",__PH_0__ 活化成功，但剩餘期限未能增加。
__PH_0__ is successfully activated for __PH_1__ days.,__PH_0__ 已成功啟動 __PH_1__ 天。
__PH_0__ has failed to activate [0x!=ExitCode!]. Remaining Period: __PH_1__ days [__PH_2__ minutes].,__PH_0__ 未能啟動 [0x!=ExitCode!]。剩餘期限:__PH_1__ 天 [__PH_2__ 分鐘]。
Checking: __PH_1__ version of __PH_0__ is not installed,檢查:未安裝 __PH_0__ 的 __PH_1__ 版本
Failed to remove previous Renewal Task. Restart system / Try again.,無法刪除先前的續訂任務。重新啟動系統/重試。
Failed to install Renewal Task. Restart system / Try again.,無法安裝續訂任務。重新啟動系統/重試。
Renewal Task for lifetime activation is successfully installed in __PH_0__,用於終身啟動的續訂任務已成功安裝在 __PH_0__ 中
The use of this script is to renew your __PH_0__/__PH_1__ license using __PH_2__ K-M-S.,使用此腳本的目的是使用 __PH_2__ K-M-S 續訂您的 __PH_0__/__PH_1__ 許可證。
"If renewal/activation Scheduled tasks were created then following would exist,",如果建立了續訂/啟動規劃任務，則將存在以下內容，
- Scheduled tasks,- 規劃任務
Activation-Renewal    [Renewal / Weekly],啟用-續訂[續訂/每週]
Activation-Run_Once   [Activation Task - deletes itself once activated],Activation-Run_Once [啟動任務 - 一旦啟動就會刪除自身]
The scheduled tasks runs only if the system is connected to the Internet.,只有當系統連接到 Internet 時，排程任務才會運作。
- Files,- 文件
C:\Program Files\Activation-Renewal\Activation_task.cmd,C:\Program Files\Activation-Renewal\Activation_task.cmd
C:\Program Files\Activation-Renewal\Info.txt,C:\Program Files\Activation-Renewal\Info.txt
C:\Program Files\Activation-Renewal\Logs.txt,C:\Program Files\Activation-Renewal\Logs.txt
This Script is a part of __PH_0__ project.,該腳本是 __PH_0__ 項目的一部分。
Homepage: mass__PH_0__grave__PH_1__.dev,首頁:mass__PH_0__grave__PH_1__.dev
Help,幫助
[2] Dism RestoreHealth,[2] 迪瑪恢復生命值
[3] SFC Scannow,[3] SFC Scannow
[4] Fix WMI,[4]修復WMI
[5] Fix Licensing,[5] 修復許可
[6] Fix WPA Registry,[6]修復WPA註冊表
Unsupported OS version detected.,偵測到不支援的作業系統版本。
This command only works on __PH_0__ 8/8.1/10/11 and their Server equivalents.,此指令僅適用於 __PH_0__ 8/8.1/10/11 及其等效伺服器。
Checking Internet Connection  [Connected],檢查網路連線 [已連線]
Checking Internet Connection  [Not connected],檢查網路連線[未連線]
DISM uses __PH_0__ Update to provide replacement files required to fix corruption.,DISM 使用 __PH_0__ 更新來提供修復損壞所需的替換檔案。
This will take 5-15 minutes or more..,這將需要 5-15 分鐘或更長時間。
Notes:,筆記:
Make sure the internet is connected.,確保網路已連線。
Make sure that __PH_0__ update is properly working.,確保 __PH_0__ 更新正常運作。
Applying the command...,應用指令...
dism /english /__PH_0__ /cleanup-image /restorehealth,dism /english /__PH_0__ /cleanup-image /restorehealth
CBS and DISM logs are copied to the AT_Logs folder on your desktop.,CBS 和 DISM 日誌將複製到桌面上的 AT_Logs 資料夾中。
It is recommended you run the DISM option first before this one.,建議您在此之前先執行 DISM 選項。
This will take 10-15 minutes or more..,這將需要 10-15 分鐘或更長時間。
"If SFC could not fix something, then run the command again to see if it may be able",如果 SFC 無法修復某些問題，請再次執行該命令以查看是否可以
to the next time. Sometimes it may take running the sfc /scannow command 3 times,到下一次。有時可能需要執行 sfc /scannow 指令 3 次
restarting the PC after each time to completely fix everything that it's able to.,每次之後重新啟動電腦以徹底修復它能夠修復的所有問題。
The CBS log was copied to the AT_Logs folder on your Desktop.,CBS 日誌已複製到桌面上的 AT_Logs 資料夾中。
This option is not supported on __PH_0__ Vista SP1.,__PH_0__ Vista SP1 不支援此選項。
Upgrade to __PH_0__ Vista SP2.,升級到 __PH_0__ Vista SP2。
- This option helps in troubleshooting activation issues.,- 此選項有助於解決啟動問題。
- This option will:,- 此選項將:
"- Deactivate __PH_0__ and __PH_1__, you may need to reactivate.",- 停用 __PH_0__ 和 __PH_1__，您可能需要重新啟用。
If __PH_0__ is activated with motherboard / OEM / Digital license,如果 __PH_0__ 透過主機板/OEM/數位許可證激活
then __PH_0__ will activate itself again.,然後 __PH_0__ 將再次啟動自身。
"- Clear ClipSVC, SPP and OSPP licenses.",- 清除 ClipSVC、SPP 和 OSPP 授權。
- Fix permissions of SPP tokens folder and registries.,- 修復 SPP 令牌資料夾和註冊表的權限。
- Trigger the repair option for __PH_0__.,- 觸發 __PH_0__ 的修復選項。
Apply this option only when it is necessary.,僅在必要時套用此選項。
Rebuilding ClipSVC Licenses...,重建 ClipSVC 許可證...
ClipSVC license rebuilding is supported only on __PH_0__ 10/11.,僅 __PH_0__ 10/11 支援 ClipSVC 許可證重建。
Skipping...,跳過...
__PH_0__ activation key is not installed.,__PH_0__ 啟動密鑰未安裝。
Internet is not connected.,網路未連線。
Failed to connect to licensing servers.,無法連線到許可伺服器。
Stopping ClipSVC service...,正在停止 ClipSVC 服務...
Applying the command to clean ClipSVC Licenses...,正在應用命令來清理 ClipSVC 許可證...
"rundll32 clipc.dll,ClipCleanUpState","rundll32 Clipc.dll,ClipCleanUpState"
[Successful],[成功的]
[Failed],[失敗的]
"Reboot your machine using the restart option, that will delete this registry key automatically.",使用重新啟動選項重新啟動計算機，這將自動刪除此註冊表項。
Deleting IdentityCRL Registry Key...,正在刪除 IdentityCRL 註冊表項...
Deleting folder __PH_0__\__PH_1__\__PH_2__\ClipSVC\,正在刪除資料夾 __PH_0__\__PH_1__\__PH_2__\ClipSVC\
Rebuilding the __PH_0__\__PH_1__\__PH_2__\ClipSVC\ folder...,重建 __PH_0__\__PH_1__\__PH_2__\ClipSVC\ 資料夾...
Rebuilding SPP licensing tokens...,Error 500 (Server Error)!!1500.That's an error.There was an error. Please try again later.That's all we know.
Clearing __PH_0__ Cache...,正在清除 __PH_0__ 快取...
Removing __PH_0__ protection...,正在刪除 __PH_0__ 保護...
Failed to remove __PH_0__ protection.,無法刪除 __PH_0__ 保護。
Successfully removed __PH_0__ protection.,已成功刪除 __PH_0__ 保護。
Successfully cleared __PH_0__ Cache.,已成功清除 __PH_0__ 快取。
tokens.dat file not found.,未找到 tokens.dat 檔案。
tokens.dat file: [__PH_0__],tokens.dat 檔案:[__PH_0__]
Correct path not found in TokenStore Registry [__PH_0__],在 TokenStore 註冊表 [__PH_0__] 中找不到正確的路徑
Checking SPP permission related issues...,檢查 SPP 權限相關問題...
[__PH_0__] [Failed To Fix],[__PH_0__] [修復失敗]
[Successfully Fixed],[已成功修復]
[No Error Found],[未發現錯誤]
Stopping __PH_0__ service...,正在停止 __PH_0__ 服務...
Removing SPP IFEO registry keys...,正在刪除 SPP IFEO 註冊表項...
Checking Update KB971033...,正在檢查更新 KB971033...
"Found, uninstalling it...",找到了，正在卸載...
[Not Found],[未找到]
Cleaning some licensing-related registry keys...,清理一些與許可證相關的註冊表項...
Failed to delete .dat files.,無法刪除 .dat 檔案。
Reinstalling system licenses...,正在重新安裝系統授權...
Failed to rebuild tokens.dat file.,無法重建 tokens.dat 檔案。
tokens.dat file was rebuilt successfully.,tokens.dat 檔案已成功重建。
Rebuilding OSPP licensing tokens...,重建 OSPP 許可證令牌...
OSPP-based __PH_0__ is not installed.,未安裝基於 OSPP 的 __PH_0__。
Skipping rebuilding OSPP tokens...,正在跳過重建 OSPP 令牌...
Stopping osppsvc service...,正在停止 osppsvc 服務...
Starting osppsvc service to generate tokens.dat...,正在啟動 osppsvc 服務以產生 tokens.dat...
Repairing __PH_0__ licenses...,正在修復 __PH_0__ 許可證...
Checking installed __PH_0__ versions...,檢查已安裝的 __PH_0__ 版本...
Multiple __PH_0__ versions found.,找到多個 __PH_0__ 版本。
It is recommended to only install one version of __PH_0__.,建議僅安裝 __PH_0__ 的一個版本。
__PH_0__ ^(2010 and later^) is not installed.,__PH_0__ ^(2010 年及更高版本^)未安裝。
"A new window will appear, in that window you need to select [Quick Repair] option.",將出現一個新窗口，在該窗口中您需要選擇[快速修復]選項。
Press [0] to continue...,按[0]繼續...
Press any key to continue...,按任意鍵繼續...
Skipping repair for __PH_0__ 16.0 UWP...,正在跳過 __PH_0__ 16.0 UWP 的修復...
Skipping repair for __PH_0__ 14.0 C2R...,正在跳過 __PH_0__ 14.0 C2R 的修復...
Finished,完成的
"Rebuilding WMI is not recommended on __PH_0__ Server, aborting...",不建議在 __PH_0__ 伺服器上重建 WMI，正在中止...
Checking WMI,檢查WMI
[Working],[在職的]
"No need to apply this option, aborting...",無需套用此選項，中止...
[Not Responding],[未回應]
"Winmgmt service is corrupted, aborting...",Winmgmt 服務已損壞，正在中止...
Disabling Winmgmt service,禁用 Winmgmt 服務
[Failed] Aborting...,[失敗] 正在中止...
Stopping Winmgmt service,停止 Winmgmt 服務
Its recommended to select [Restart] option and then apply Fix WMI option again.,建議選擇[重新啟動]選項，然後再次套用修復WMI選項。
Restarting...,正在重新啟動...
Deleting WMI repository,刪除 WMI 儲存庫
Enabling Winmgmt service,啟用 Winmgmt 服務
"Registering .dll's and Compiling .mof's, .mfl's",註冊 .dll 並編譯 .mof、.mfl
Run [Dism RestoreHealth] and [SFC Scannow] options and make sure there are no errors.,運行 [Dism RestoreHealth] 和 [SFC Scannow] 選項並確保沒有錯誤。
This option is supported only for __PH_0__ 7/8/8.1/10/11 and their Server equivalents.,僅 __PH_0__ 7/8/8.1/10/11 及其伺服器等效項支援此選項。
Failed to find activation IDs. Aborting...,找不到激活 ID。正在中止...
"To fix this issue, activate __PH_0__ from the main menu.",若要解決此問題，請從主選單啟動 __PH_0__。
"Failed to detect OS edition, aborting...",無法偵測作業系統版本，正在中止...
==== Note ====,====注意====
"Changing this edition may not remove ""__PH_0__""-specific features.",變更此版本可能不會刪除「__PH_0__」特定的功能。
Press [7] to continue anyway...,按 [7] 繼續...
Target editions not found.,未找到目標版本。
You can change the edition [__PH_0__] [__PH_1__] to one of the following.,您可以將版本 [__PH_0__] [__PH_1__] 變更為下列版本之一。
Note - DISM.exe is not working.,注意 - DISM.exe 不起作用。
"[__PH_0__]  __PH_1__ [GAC, not __PH_2__]",[__PH_0__] __PH_1__ [GAC，而非 __PH_2__]
[__PH_0__]  __PH_1__,[__PH_0__] __PH_1__
[0]  __PH_0__,[0] __PH_0__
Enter an option number using your keyboard and press Enter to confirm:,使用鍵盤輸入選項編號，然後按 Enter 確認:
"Once the edition is changed to ""__PH_0__"",","一旦版本更改為""__PH_0__""，"
the system may not be able to properly change edition later.,稍後系統可能無法正確變更版本。
[1] Continue Anyway,[1] 無論如何繼續
Failed to get product key from pkeyhelper.dll.,無法從 pkeyhelper.dll 取得產品金鑰。
Changing the current edition [__PH_0__] __PH_1__ to [__PH_2__]...,將目前版本 [__PH_0__] __PH_1__ 改為 [__PH_2__]...
Notes -,註釋 -
"- Save your work before continuing, the system will auto-restart.",- 在繼續之前儲存您的工作，系統將自動重新啟動。
- You will need to activate with __PH_0__ option once the edition is changed.,- 版本變更後，您將需要使用 __PH_0__ 選項啟動。
Installing __PH_0__ key [__PH_1__],安裝 __PH_0__ 密鑰 [__PH_1__]
Reboot is required to fully change the edition.,需要重新啟動才能完全更改版本。
[Unsuccessful] [Error Code: __PH_0__],[不成功][錯誤代碼:__PH_0__]
Applying the DISM API method with __PH_0__ key __PH_1__. Please wait...,使用 __PH_0__ 鍵 __PH_1__ 應用 DISM API 方法。請稍等...
"Important - Save your work before continuing, the system will auto-restart.",重要 - 在繼續之前保存您的工作，系統將自動重新啟動。
Applying the command with __PH_0__ key...,使用 __PH_0__ 鍵應用指令...
DISM /__PH_2__ /Set-Edition:__PH_0__ /ProductKey:__PH_1__ /AcceptEula,DISM /__PH_2__ /套裝版本:__PH_0__ /產品金鑰:__PH_1__ /AcceptEula
Failed to stop the TrustedInstaller service.,無法停止 TrustedInstaller 服務。
Log files are copied to the ChangeEdition_Logs folder on your desktop.,日誌檔案將複製到桌面上的 ChangeEdition_Logs 資料夾中。
"In case there are errors, you should restart the system before trying again.",如果發生錯誤，您應該重新啟動系統，然後再重試。
Pending reboot flags found.,發現待重啟標誌。
"Make sure __PH_0__ is fully updated, restart the system and try again.",確保 __PH_0__ 已完全更新，重新啟動系統並重試。
Failed to detect OS Edition. Aborting...,無法偵測作業系統版本。正在中止...
"__PH_0__ C2R 2016 or later is not installed, which is required for this script.",未安裝此腳本所需的 __PH_0__ C2R 2016 或更高版本。
Download and install __PH_0__ from below URL and try again.,從下列 URL 下載並安裝 __PH_0__，然後再試一次。
Installed __PH_1__ version is __PH_0__.,安裝的 __PH_1__ 版本是 __PH_0__。
Minimum required version is 16.0.9029.2167,所需的最低版本為 16.0.9029.2167
Aborting...,正在中止...
Download and install latest __PH_0__ from below URL and try again.,從下列 URL 下載並安裝最新的 __PH_0__，然後再試一次。
Failed to find __PH_0__. Aborting...,未能找到 __PH_0__。正在中止...
"Installed __PH_3__ appears to be from the __PH_4__ channel __PH_0____PH_1____PH_2__,",安裝的 __PH_3__ 似乎來自 __PH_4__ 頻道 __PH_0____PH_1____PH_2__，
which is not officially supported on your __PH_1__ build version __PH_0__.,您的 __PH_1__ 建置版本 __PH_0__ 並未正式支援此功能。
Unsupported __PH_3__ __PH_0__ is installed on your __PH_2__ build version __PH_1__.,您的 __PH_2__ 內部版本 __PH_1__ 上安裝了不支援的 __PH_3__ __PH_0__。
[1] Change all editions,[1] 更改所有版本
[2] Add edition,[2] 新增版本
[3] Remove edition,[3]刪除版本
[4] Add/Remove apps,[4] 新增/刪除應用程式
[5] Change __PH_0__ Update Channel,[5] 更改__PH_0__更新頻道
"Choose a menu option using your keyboard [1,2,3,4,5,0]","使用鍵盤選擇選單選項 [1,2,3,4,5,0]"
O365/Mondo editions have the latest features.,O365/Mondo 版本具有最新功能。
[1] __PH_0__ Suites     - __PH_1__,[1] __PH_0__ 套房 - __PH_1__
[2] __PH_0__ Suites     - __PH_1__,[2] __PH_0__ 套房 - __PH_1__
[3] __PH_0__ SingleApps - __PH_1__,[3] __PH_0__ SingleApps - __PH_1__
[4] __PH_0__ SingleApps - __PH_1__,[4] __PH_0__ SingleApps - __PH_1__
"Choose a menu option using your keyboard [1,2,3,4,0]","使用鍵盤選擇選單選項 [1,2,3,4,0]"
Failed to generate available editions list.,無法產生可用版本清單。
Installed __PH_1__ editions: __PH_0__,已安裝 __PH_1__ 版本:__PH_0__
You can select one of the following __PH_0__ Editions.,您可以選擇下列 __PH_0__ 版本之一。
Unsupported products such as 2019/2021/2024 are excluded from this list.,2019/2021/2024 等不受支援的產品不在此清單中。
[__PH_0__] __PH_1__,[__PH_0__] __PH_1__
[0]  Go Back,[0] 返回
Failed to generate available apps list.,無法產生可用應用程式清單。
Target edition: __PH_0__,目標版本:__PH_0__
"To exclude the apps listed below from installation, toggle them from On to Off.","若要從安裝中排除下面列出的應用程序，請將它們從""開啟""切換為""關閉""。"
[1] Continue,[1] 繼續
Choose a menu option using your keyboard:,使用鍵盤選擇選單選項:
__PH_0__ language is not available for Project/Visio apps.,__PH_0__ 語言不適用於 Project/Visio 應用程式。
Install __PH_0__ in the supported language for Project/Visio from the below URL.,從下列 URL 安裝 Project/Visio 支援的語言的 __PH_0__。
"Running the below command, please wait...",執行以下命令，請稍候...
Mismatch found in update channel and installed product.,更新通道與已安裝的產品不符。
It is recommended to change the update channel to [__PH_0__] from the previous menu.,建議將上一層選單的更新頻道變更為[__PH_0__]。
"To activate __PH_0__, run the activation option from the main menu.",若要啟動 __PH_0__，請從主選單執行啟動選項。
You can edit [add/remove apps] one of the following __PH_0__ editions.,您可以編輯[新增/刪除應用程式]以下 __PH_0__ 版本之一。
"Only ""__PH_0__"" product is installed.",Error 500 (Server Error)!!1500.That's an error.There was an error. Please try again later.That's all we know.
This option is available only when multiple products are installed.,僅當安裝多個產品時此選項才可用。
You can uninstall one of the following __PH_0__ editions.,您可以解除安裝以下 __PH_0__ 版本之一。
Unsupported __PH_2__ edition is installed on your __PH_1__ build version __PH_0__.,Error 500 (Server Error)!!1500.That's an error.There was an error. Please try again later.That's all we know.
Installed __PH_3__ update channel: __PH_0____PH_1____PH_2__,已安裝 __PH_3__ 更新頻道:__PH_0____PH_1____PH_2__
Unsupported __PH_2__ update channel is installed on your __PH_1__ build version __PH_0__.,您的 __PH_1__ 內部版本 __PH_0__ 上安裝了不支援的 __PH_2__ 更新頻道。
"Installed update channel: __PH_0__, __PH_1__, Client: __PH_2__",已安裝的更新頻道:__PH_0__、__PH_1__，客戶端:__PH_2__
[R]  Learn about update channels,[R] 了解更新管道
[0]  Go back,[0] 返回
Target build number: __PH_0__,目標內部版本號:__PH_0__
Running the below command to trigger updates...,執行以下命令來觸發更新...
Mismatch found in installed __PH_0__ products and target update channel. Aborting...,已安裝的 __PH_0__ 產品與目標更新頻道不符。正在中止...
Non-perpetual __PH_0__ products are not suppported with Perpetual VL update channels.,永久 VL 更新頻道不支援非永久 __PH_0__ 產品。
Failed to detect build number for the target FFN.,無法偵測目標 FFN 的內部版本號。
[__PH_0__] language is not supported on the __PH_1__ 2019 Perpetual VL update channel. Aborting...,__PH_1__ 2019 永久 VL 更新頻道不支援 [__PH_0__] 語言。正在中止...
Do not terminate the operation before it completes...,在操作完成之前請勿終止操作...
"Updating __PH_0__ C2R client with the command below, please wait...",正在使用下列指令更新 __PH_0__ C2R 用戶端，請稍候...
Failed to update __PH_0__ C2R client. Aborting...,無法更新 __PH_0__ C2R 用戶端。正在中止...
"Running the below command to change update channel, please wait...",執行以下命令以變更更新頻道，請稍候...
Now run the __PH_0__ activation option from the main menu.,現在從主選單執行 __PH_0__ 啟動選項。
Press [0] key to go back...,按[0]鍵返回...
Press any key to go back...,按任意鍵返回...
Cleaning __PH_0__ update registry keys...,清理 __PH_0__ 更新登錄項目...
Adding new update channel to registry keys...,新增新的更新頻道到註冊表項...
Internet is required for this operation.,此操作需要網路。
Need help? Check our homepage:,需要幫助嗎？查看我們的主頁:
https://massgrave.dev,https://massgrave.dev
PowerShell is not running in Full Language Mode.,PowerShell 未在完整語言模式下運作。
Help - https://massgrave.dev/fix_powershell,幫助 - https://massgrave.dev/fix_powershell
Error: $(__PH_0__.Exception.Message),錯誤:$(__PH_0__.Exception.Message)
Powershell failed to load .NET command.,Powershell 無法載入 .NET 指令。
Help - https://massgrave.dev/in-place_repair_upgrade,幫助 - https://massgrave.dev/in-place_repair_upgrade
3rd party Antivirus might be blocking the script -,第 3 方防毒軟體可能會阻止該腳本 -
$(__PH_0__ -join,$(__PH_0__ -加入
"Failed to create __PH_0__ file in temp folder, aborting!",無法在臨時資料夾中建立 __PH_0__ 文件，正在中止!
Help - __PH_0__,幫助 - __PH_0__
Downloading...,正在下載...
Please wait,請稍等
"Failed to retrieve __PH_0__ from any of the available repositories, aborting!",無法從任何可用儲存庫檢索 __PH_0__，正在中止!
Check if antivirus or firewall is blocking the connection.,檢查防毒軟體或防火牆是否阻止連線。
"Autorun registry found, CMD may crash! `nManually copy-paste the below command to fix...`nRemove-ItemProperty -Path",發現自動運行註冊表，CMD可能崩潰! `n手動複製貼上以下命令來修復...`nRemove-ItemProperty -Path
Autorun,自動運行
CMD is working,CMD 正在工作
"Command is running with x86 Powershell, run it with x64 Powershell instead...",命令正在使用 x86 Powershell 運行，請改為使用 x64 Powershell 運行...
>    [1] Activate Anyway [0] __PH_0__ :,> [1] 無論如何啟動 [0] __PH_0__ :
Go back,回去
"Go back to Main Menu, select Troubleshoot and run Fix Licensing option.",返回主選單，選擇故障排除並執行修復許可選項。
Exit,出口
"In __PH_0__ folder, run Troubleshoot script and select Fix Licensing option.",在 __PH_0__ 資料夾中，執行故障排除腳本並選擇修復許可選項。
Error Found In Token Folder,在令牌資料夾中發現錯誤
Error Found In SPP Registries,SPP 註冊表中發現錯誤
> [0] Go back  [F] Continue :,> [0] 返回 [F] 繼續 :
>    [9] Continue [0] Go back :,> [9] 繼續 [0] 回傳 :
> [1] Restart  [2] Revert Back Changes :,> [1] 重新啟動 [2] 恢復變更:
[1] Continue [2] __PH_0__ :,[1] 繼續 [2] __PH_0__ :
[1] Continue [0] __PH_0__ :,[1] 繼續 [0] __PH_0__ :
"Autorun registry found, CMD may crash! `nManually copy-paste the below command to fix...`nRemove-ItemProperty -Path '__PH_0__' -Name 'Autorun'",發現自動運行註冊表，CMD可能崩潰! `n手動複製貼上以下指令來修復...`nRemove-ItemProperty -Path '__PH_0__' -Name 'Autorun'
Done,完畢
